website,8/1/2025,8/2/2025,8/3/2025,8/4/2025,8/5/2025,8/6/2025,8/7/2025,8/8/2025,8/9/2025,8/10/2025,8/11/2025,8/12/2025,8/13/2025,8/14/2025,8/15/2025,8/16/2025,8/17/2025,8/18/2025,8/19/2025,8/20/2025,8/21/2025,8/22/2025,8/23/2025,8/24/2025,8/25/2025,8/26/2025,8/27/2025,8/28/2025,8/29/2025,8/30/2025,8/31/2025,9/1/2025,9/2/2025,9/3/2025,9/4/2025,9/5/2025,9/6/2025,9/7/2025,9/8/2025,9/9/2025,9/10/2025,9/11/2025,9/12/2025,9/13/2025,9/14/2025,9/15/2025,9/16/2025,9/17/2025,9/18/2025,9/19/2025,9/20/2025,9/21/2025,9/22/2025,9/23/2025,9/24/2025,9/25/2025,9/26/2025,9/27/2025,9/28/2025,9/29/2025
google.com,350328848,347347800,338210669,335732962,387635876,362487653,391726462,369120062,345539191,335524238,349561863,352279429,404323168,370668234,375139598,332488556,355147042,378656141,366170368,389751832,353256026,339110961,357704749,347875542,371744264,342962016,386034470,408447200,359796792,353599758,357078213,335861381,379329681,352895630,364881926,379434930,343254338,362794319,379160046,378140981,357328658,367265371,390965277,325249873,352338918,357107873,376799062,389508480,396825317,359128341,368003578,364740956,373204144,367706722,364799827,357938105,352958704,361768814,369574539,371971886
youtube.com,6455724,6406841,6223972,6493857,7481230,7908318,7791093,7810156,7500008,7320115,6709936,7775555,7085445,7562541,7289007,7949634,6016978,7904270,8533999,7855383,7271526,7091187,6383788,5945957,6471517,7085679,7975496,8424288,6566764,6935351,6751814,8206878,6418929,9339948,7278118,7009493,6018087,7302601,6459270,8333260,8066904,8206779,19278510,7582386,6917530,7114072,7233287,8094830,6652172,7686655,6961020,7193965,6696034,8875802,7661854,8606962,7209912,6215605,5794861,8443188
facebook.com,360475,413567,460261,375589,339134,358797,298796,424334,377786,433773,415194,350952,329814,245383,356919,370661,371423,366140,309633,371480,348680,408941,394685,422952,405803,360552,306711,346139,296134,447970,441394,431447,372328,298483,321072,394808,403329,446591,411244,339755,422643,345543,337524,444913,422649,442604,305256,256409,315102,318317,353213,469627,410059,402346,298161,254593,413219,389255,424239,480079
instagram.com,6365690,5894262,5746209,5691156,6257174,6691698,4687754,4985852,6275588,6312241,6953602,6384289,3889762,5383918,4791413,4412885,5844664,6318997,5873785,5500385,6444421,6010550,4008050,5050685,4464266,6336525,5833732,4674952,4358914,5051967,6390576,5637591,5917246,5712722,4590691,5682474,5123735,4758134,5544171,5991177,6444183,5259310,6049593,4165797,5267739,6859432,6885102,5558134,4919945,5242433,5067620,6553326,5868622,6346273,5567667,4046743,5588807,5528806,6229449,6943817
twitter.com,1272636350,1248663526,1220941351,1210687596,1172915532,1193832834,1250541810,1255080482,1246095264,1208243245,1192816422,1115889802,1185461701,1200556304,1230552082,1196932629,1268729465,1211806296,1134273884,1181415946,1183599435,1241312904,1251963187,1249687308,1248516855,1149347045,1209799644,1227386736,1258317283,1281892103,1283212350,1170265416,1167151870,1184909759,1188274569,1265237307,1285735804,1251934662,1229928432,1152554373,1178868639,1230742177,1261187157,1275166562,1268680287,1199928430,1160954270,1175978185,1266201288,1217141488,1244964507,1264817960,1229051196,1184725357,1219002049,1251664206,1282892557,1290711441,1255061414,1252819713
wikipedia.org,620583360,561204976,615079308,604008930,675099563,615628338,585453515,653597644,594360964,619600423,663115401,645019821,634937339,637830185,621400506,558006309,628579080,651790272,681376662,643183964,636530023,563868387,603046399,577460008,670265767,644926183,597819465,593356446,588724509,620189575,654725754,631747447,651562098,674812232,597898247,587996398,582774619,646884251,628442494,690546149,685824398,625108156,629983985,591808407,667518603,667202535,639860930,642588825,588475355,621972145,598007492,668324883,681885724,696154848,673609739,635714151,622326784,629466259,680908735,690679803
amazon.com,6926739,7505916,7835187,8123359,6357050,6899681,6531131,6568162,6793348,7906191,8369957,7052064,7893569,7357396,7137953,6100979,7919679,7996956,8526973,21020631,8060656,6881855,7097068,8048970,7143123,6813932,7060686,7794389,6561603,8155757,5622126,6802776,7747018,8017647,6875053,6722123,6999927,6341619,8739714,7345163,8154007,6868272,7539717,7322908,7507738,8074048,6779717,7380973,8126648,7703473,6376624,7935026,8083284,8394542,7437212,6740643,7713221,7220847,8459581,8591298
whatsapp.com,312362,260597,397609,364325,329741,438292,395542,252039,373703,418564,516808,380862,407623,486621,367765,351329,289807,259756,435270,308367,454420,303921,348513,304298,423185,393674,514579,308891,379248,332317,344188,448195,409865,312191,410988,323642,296617,391421,304366,345528,386115,435459,385792,309893,304341,266291,318908,339729,362732,474251,279351,300705,206669,404489,278125,311815,411274,185112,323858,388491
baidu.com,536694987,518484429,533260633,542724590,563933074,597879329,575723548,506463028,546254801,543478998,592705930,573268422,579595946,548335413,480002256,543139152,520975236,593244675,560325324,554140077,553985846,557882093,538669781,602972869,619666654,627999956,565897621,514821297,577141899,533379955,560193067,593003696,537830057,618887572,581441329,554698483,571010550,576047270,580403146,575169664,555005868,566736429,556473920,577850555,567736738,555142347,541667124,573428874,559577771,545321528,507195722,593404534,609866739,563998136,600748394,588188939,550629669,524808089,609827172,592301241
yahoo.com,82008269,84118786,87104864,93471230,95588355,96382047,87282265,84490680,88178761,90732511,98335859,98626085,98764086,86154240,85847732,95320518,92080638,98074808,98321238,97531037,90487915,103640455,85692952,90477109,84344349,102308336,93507717,91540988,85808722,87132711,89690482,95180228,97483177,95569795,91369022,94233594,91946538,95174928,92433214,103577979,101559593,89966487,95488797,85329074,83405576,100848064,97793801,101178747,89381994,83471809,94103436,85632583,89375819,90109931,84802414,88426500,79762107,88802312,82270321,91745469
bing.com,5972486,5531169,4684335,6577466,6512839,5899010,5473454,5377120,4692772,5186025,6118629,4996750,5811820,5825973,5532366,4705639,4809434,6292189,5306651,6513971,5510501,6050759,5108224,4818420,6169498,5947503,6747947,6240145,5357107,5093732,5450100,5816784,5489777,6426898,5556919,5255104,5046130,5560890,5349562,6029644,7448276,5739892,5249952,4449116,5465678,5128989,5759564,6062133,4850994,5564295,5495707,4751821,5509864,4988545,6817937,5944969,5386216,8959545,6040423,5668649
reddit.com,7560390,7231983,8598828,8933769,7963620,7378992,6595687,6221112,7387052,7272562,9527552,8327671,6683956,8688102,7585839,8057900,8369517,8415972,8642896,8207313,6898443,7718186,8270438,7729507,8583332,8557877,9305463,7487426,7242469,7455327,7793339,6583344,7798135,8226414,7647595,6873357,7057696,7603126,7607010,7877403,7623630,8271809,8139689,8171007,8141944,7660732,8902382,7770207,7645783,8354341,7560986,8003725,7152891,8557614,7289617,8330056,7270387,5915709,7565703,7975057
netflix.com,7641884,6770888,8491311,8846881,8244973,10490642,9404139,8233545,7249081,6953610,8520510,9481286,9652982,7503726,8849219,8338456,7035360,8130044,7263189,8351609,9003149,8303942,8137219,6567587,7779115,8454112,9879104,10519511,10070532,6439887,7552317,7089017,8812944,9773142,9331218,8504898,9101513,8212746,7811586,8877136,10152117,9780618,8161385,6230969,6528151,8164848,7275761,9241151,8834526,9396420,6618059,5859344,7655171,9384912,10299081,8421182,8918872,6785467,6882767,8507008
microsoft.com,3226954,2756801,2589830,2317613,2960270,3220038,3076737,3417602,3189964,2810483,3355727,2565649,3079105,3187546,3215049,3178956,2780479,2479321,2871276,3444959,3600039,3404927,2932793,2942501,3075821,3207248,3220278,3231625,3303965,3399532,3110311,2251958,3068741,3344134,3096043,3156712,2965380,2724424,2372743,2985857,2919609,3358074,3255748,3285465,2646131,2885629,3028375,3418081,3982619,2802447,3324627,2755429,2261538,3182334,3587711,3302481,3505725,3230534,3114658,3113991
apple.com,1637629,1527468,1813853,1489565,1796174,1515597,1275024,1053900,1563235,1452363,1692929,1775888,1421464,1321563,1491015,1620325,1252634,1689690,1637470,1355088,1531090,1415811,1711653,2071295,1637705,1195956,1348644,1064719,1552257,1813693,1802276,1717758,1430159,1690523,1505852,1502173,1627462,1707125,1747986,1442831,1688845,1407799,1564576,1522855,1760383,1276533,1361603,1423507,1156794,1893773,1313928,1762501,1973059,1648842,1381908,1298869,1591802,1473078,1688260,1811432
tiktok.com,6297849,6288043,6529556,7069567,6713628,6894246,6736206,6622193,5397887,6721954,6991288,7371598,6730396,6452246,6807321,5812775,7139643,7753110,7175412,7188184,6101910,6133313,6718284,6685817,6785362,7079122,7070033,6509419,6355233,6324991,6180681,6951147,7617473,7487520,6084976,6554083,6563081,6394287,6490184,6514441,6715815,6712739,6288593,6102605,6090361,6939141,7338322,6536503,6736419,5676065,6075615,6771411,6415045,6743437,7345557,6312739,6023880,6496073,7189010,6711325
linkedin.com,8859044,7957451,8426627,7958937,6892567,6821332,8311983,7638381,8138365,6975017,6661822,7276038,8393299,8274957,8986366,7014715,6779282,7259378,8982347,8245415,7322750,8119900,8105297,7172071,7806840,7344667,7582037,9043901,6979820,7291081,7032597,6791521,6971400,8191440,8965881,8917105,7289679,7585826,7771077,7711711,8822338,7726236,8408734,7782718,7885390,6705454,6907811,7392146,7847594,9454837,8956750,7591136,7650665,6467842,7830959,8411038,9205156,8384618,8098503,7781865
x.com,134766,133565,134241,151015,120038,100849,115039,129582,126525,151857,145424,138439,154706,143141,117927,104242,116439,136045,130932,160916,91248,118656,105026,135477,146201,130332,140178,118741,116631,117116,145454,141798,167006,153954,132755,80128,97503,151759,130547,142366,118922,132195,137866,102686,118588,108686,142443,99895,115956,129865,163202,140544,162711,143023,136503,118928,113276,146968,140763,145870
qq.com,3813102,3301803,3537934,3523430,3531167,3845778,3370852,3677740,3588985,3448385,3751937,3618992,3701015,3779471,3756880,3563436,3364845,3297651,3788187,3588631,3557733,3463520,3477429,3267040,3287955,3535939,3732218,3838090,3630876,3263035,3496623,3606521,3597032,3625686,3600629,3527213,3958550,3286541,3614210,3563198,3704627,3638584,3820198,3601317,3461894,3682279,3881806,3653344,3915315,3527971,3715001,3659888,3681457,3705690,3739540,3768478,3852724,3422599,3537798,3259564
taobao.com,22450898,26618726,23037275,21848495,21819703,20800250,22797657,23129531,24535749,23792573,22880136,20814034,20891996,21047306,23474354,21663824,24079452,23259470,21763983,20373542,21986581,21562773,24462653,21580339,22638606,21401148,20962281,20641551,23507558,20841696,23974190,22020727,22000059,20603041,23575952,21172081,23989512,21690037,21514829,21506420,21079528,23809253,21866785,24798170,22439413,20670005,18294743,20382504,20286390,23366091,22314837,22060394,21979966,22629593,18643583,22235351,23316266,22636279,23498135,21050673
tmall.com,9797141,10175524,9593944,9851674,9433489,9692939,9392422,9679340,10384239,10617065,9810583,9674326,9771386,8983110,10391734,10807483,10738234,10071712,9519384,8870300,10095545,9449089,10952940,11259182,9871665,9948486,9066954,9228347,9786444,9600530,10776874,10768308,9033463,9433975,9171538,9296024,10918045,11360457,9670393,9508675,8311528,9209774,10099106,11310839,11313203,10900844,9155389,8923272,8418476,9517545,9731355,10736226,9752339,8886091,8885131,8674050,10044453,10612958,10413693,9752354
nytimes.com,68646881,69686599,66425411,58777953,57447684,61573122,68638974,69220068,69639504,59981131,63347460,59891309,61442570,68288475,69993000,68333964,63370634,59539886,62996361,66781210,67309736,77678252,67936441,63938817,62410168,60378180,64533657,71020267,69401518,71248367,64627734,60199055,59598999,65367354,71205549,73553502,67210904,65987572,66483685,61316574,64939754,67814954,74041629,71448136,65351162,57086158,56511298,104668341,73341092,71263003,73541815,66344935,64472206,60195934,67633700,69476464,71598382,66427950,70799017,60215371
bbc.com,6002858,5647362,6866025,6737374,7374504,6765873,6600294,6410285,6400382,7182207,6940626,7684229,6845760,6375402,5276951,6350183,7245085,6727346,7451596,6269690,7109140,6811924,6237389,6714768,6994351,7885895,6297527,7601080,5784994,6006606,7242064,6697150,6663180,7247631,6786181,6940474,7114591,7589013,7786206,7350537,7437529,6156707,6917783,6548845,7661251,8296642,6721982,7664868,7358156,6795815,7031483,6898939,7639852,8204801,7312948,7343943,6781030,6821606,7374089,8831867
cnn.com,893150034,945849520,913325655,850299266,879359064,839400973,932231429,951206717,939118950,892184475,873452448,911171323,873708742,871623656,908001287,940739124,923692239,887741332,887326677,753843386,888270206,968952159,1000847182,916615092,933829456,848712410,886007418,869314622,903283340,955566304,898647048,926156112,866266840,844412684,906955602,945569036,936063179,990099937,915293605,907971108,892035788,902171049,918306977,899887652,989467707,908565400,835077123,822835993,914687619,981708118,1010722294,907273990,902056806,918116758,850307379,925330880,918854476,953547028,941401916,919393494
espn.com,97527967,106699336,114496219,96623911,91607468,90283451,99654546,119305403,104566693,92390744,93960154,82938058,106776899,99194854,107557430,97084361,90338513,86976530,88437239,109003099,88656285,102097523,97665729,95696626,90284233,85904871,102616920,94653602,108912295,98578111,98595330,97715515,73393592,87655127,88051978,114283764,104684830,101799180,100274600,76035273,95928619,109130197,107518132,99897882,100936777,91616436,95271826,101070091,96220950,108415433,88253129,94444051,85573243,96464668,82434553,93890333,103533786,96981489,115523622,90711089
stackexchange.com,759790,554935,542633,431344,592644,640275,702828,605019,536039,597339,464094,862775,728557,650044,603398,567006,450343,428775,508062,762256,772697,883927,750791,565483,949180,654731,768746,712891,716723,642948,537000,505023,630927,777976,756626,691376,689039,401589,615288,575946,671456,462447,695421,1411550,567651,472291,538237,629512,539732,757307,664038,637799,650552,803564,574748,704402,637437,590123,678073,1004559
stackoverflow.com,2229344,2263968,2032106,1718795,2293690,2442186,2511895,2593070,2468723,1698998,1958755,2140251,2585861,2417809,2203193,1975698,1963777,1916187,2031096,2767392,2485350,2824042,2008879,2180445,2170564,2513239,2224008,2614580,2188864,1921755,1824452,2369664,2693468,2565371,2956296,1904031,1830613,1886353,1948252,1992486,2346469,2315649,2328536,1894327,1859599,2240717,2158591,2583745,2943243,2426968,2450460,2298072,2314434,2686437,2475377,2563143,2256777,1998434,2654181,2183793
github.com,436381,490676,435161,570680,556374,616021,454076,452777,382848,372575,518195,616261,579393,503667,461181,438849,470509,561880,573812,603247,490321,477186,450386,476348,467017,524725,578328,510197,490424,385420,468491,507313,640155,580634,609668,449464,390091,455719,488367,575717,601125,497878,396329,443101,424065,462828,579842,512006,509930,432656,390823,454914,553978,545861,583043,532844,478231,348885,428167,513740
shopify.com,520164232,478805045,572245561,538490877,505474434,492083570,456947751,512228450,505311692,552851032,592910500,501625601,526079174,511118423,544262406,523763551,491310708,506843221,496278125,490082356,482272040,523604497,547951423,515767495,519461554,520003891,552701267,487585238,497807688,549690618,537993338,506416308,507791045,467901969,456000615,512791291,564522849,569324914,517613779,516740526,517587240,521541893,530334769,554705890,511577177,503862267,516627273,472480944,502600008,504317075,532731994,544752039,539594373,529199957,493011424,506966716,531676888,568183175,552354056,529955005
adobe.com,81751963,89321793,98548774,101213605,94242775,93645312,84736228,97949166,88783444,99196241,93026918,97295895,90870166,81527664,92627139,87315651,97226317,91683841,92894518,82462407,86735443,93787444,90430696,98095035,91984247,95175895,92751589,91852387,85830884,82212168,98600161,91810816,94170577,93503415,84035683,81849493,92287257,90298855,100372623,93960088,94996889,87272802,90789176,88329778,105024372,104911230,101660287,90479070,89535099,85285516,98305692,93735788,96549529,98982774,88924686,86878821,100568004,143445168,93920444,99037479
salesforce.com,8653793,8329636,4948375,6869921,8706713,8640244,6688888,18762203,8756470,7706084,6129239,6934528,8116738,7672956,8672700,7961343,8778759,8107042,7991223,7544837,8954858,7658297,6561874,7253955,7219431,6759340,8447360,7723920,7963686,6752059,7080631,7902826,7347880,7495673,9565378,7896319,7949979,7799541,7360687,7958448,7008869,8976599,8630988,7514449,7207765,6295142,8352448,7574597,8306571,6492753,7860458,7059249,7284503,6405167,8311927,7331777,7594965,7993276,7126052,8847756
medium.com,65653365,67795279,69791430,65438072,63948181,65357279,59437139,64664258,66969895,63157799,65079517,57431173,63666394,59805135,62524471,68207931,63027086,69729200,63214270,61955497,66066699,65330845,67684539,66611978,64007295,63922730,63504998,60526279,63622932,65751084,67027096,66072638,68133137,63059163,63166796,64129709,69640820,67193898,66190068,63324376,63816092,64787581,66747463,67521587,67561499,66409504,59049585,62604966,66063195,64919713,62856943,64305266,65833601,61930215,63116314,63903648,65072253,65672922,68048929,65946371
spotify.com,977741,888849,934882,945254,1019765,991680,1097528,896079,966529,877600,839744,973186,2168799,936936,788771,843770,762337,789292,850766,1197951,1054778,847806,983520,777608,777973,975628,973733,904190,892993,1089758,886215,938173,1146514,1103852,991124,1082728,970208,874745,940858,875216,922703,1077303,1174473,855780,758192,1005421,756254,995427,1046294,947378,883467,829988,967675,958266,928164,1211973,906555,796172,909049,921189
zoom.us,82457675,77142551,84337065,72013798,76266252,80569489,78304137,85204956,74538776,79596404,76078738,75881401,74628304,78128312,83686445,84060555,77403040,74570829,73138378,69931759,86829195,77685264,80167124,71643668,73460517,77189259,76051940,82605308,85280399,77745081,76239479,74693437,84109299,72694928,79152955,89543797,71687134,77473928,100037880,70903671,80129790,67191569,71081402,81021635,77855349,67542304,78232393,74209895,78654802,77966270,81491844,76182873,73479787,90190074,74234794,78559777,83863124,74953937,73979208,71501239
office.com,3421152,2973844,2668539,3004076,3145283,3306053,3282130,3370488,3242219,2794173,3422195,3190311,3254346,3223309,3390262,2908188,2957485,2704613,3138782,2911066,3150064,3259893,3262479,2842967,2912359,3084158,2980267,3209206,3685450,2997760,2500177,2821566,3648928,3256325,3687002,2976310,3234514,2805867,3094102,3211627,3336897,3564596,3368439,3082845,2367496,3050046,2830080,3148957,3399517,3476771,2972487,3024134,2615406,3097655,3170816,3485219,3651985,2689339,2863793,2907232
cloudflare.com,82397957,88232172,93944468,78765912,80080799,79108867,86193001,79709737,82059965,80899565,84711092,85362883,66694084,74210112,78631510,84199068,85692885,72694497,84543018,76582295,71308120,81282599,85698926,82380283,93445232,80665217,76378671,85983991,73910224,80996998,82255249,83219411,91704626,72906450,76406816,72687423,93925734,84149236,87267425,81399920,89002414,80466681,70699243,85842331,86950576,77209503,80858321,76798679,82010220,80286825,90256229,89431557,89124628,71813119,83620920,67940625,76396907,83045778,86508214,88232060
dropbox.com,784500,689066,516588,578139,426343,731460,797119,794812,645127,584295,577070,679341,650614,829193,610621,655607,513371,613386,533063,732940,773005,661269,706338,624585,570868,668790,706678,629373,780520,620388,570627,515601,593950,635690,799150,685622,589556,677356,631784,549365,619038,658855,679691,746420,690637,528742,630322,625597,787443,699393,695229,565943,626656,681193,715070,652625,767722,684442,669347,527660
pinterest.com,5604873,5184809,4876529,3993142,5047215,4739436,5114433,5752314,5515529,4534366,4724617,5708768,4486978,5123650,4991146,5836477,4670551,4543761,5248379,4590686,6300582,5939694,5347222,4863524,5189018,5085050,5375624,5840982,5457321,5046465,5558114,4658884,4679310,5401860,6644070,5674794,5392796,5217995,5429397,5450625,5664669,5304416,5791228,5039978,4378494,4653369,4912739,5573648,5879108,5889283,4727352,4589844,4877680,4975277,4966890,5704342,6018293,4931474,5028240,5239593
quora.com,93380249,104511288,95610208,90649141,86959487,94806483,88152387,95861289,106925030,102937075,101864388,91010815,88710574,205392434,88491681,103474786,112792205,98046132,92459633,89454345,93288558,99517027,97922055,99364826,98363296,88928932,81307737,94781801,99491097,95313308,103405282,105957525,86342509,88456121,91112873,92735868,104388853,97421267,94388079,92317958,93865647,96552687,95821171,101276619,107559060,100379337,90408775,89507614,90827046,102614963,95172577,103866381,88740074,88224665,82432886,86414668,89545289,104683479,91550468,106866049
theverge.com,660658,609127,449659,594966,523580,395603,646214,623307,597519,555345,462596,503122,493186,521700,627740,701421,617855,351427,549530,653188,604923,543099,701521,703920,599518,651793,510640,680252,634321,613660,647680,730698,694259,496521,561092,711817,605427,606370,617593,421372,647629,537078,645277,512622,698653,553189,569843,485179,653813,593740,702143,498733,625894,488148,563863,625809,588891,678575,519390,544221
techcrunch.com,10349978,10474605,10934712,9129667,8388722,10116464,9472925,9456278,9874743,9924594,9194622,8662277,8902108,9467618,8036236,9505434,10902058,10127035,8503225,9678528,9282269,9823733,9914127,9922610,8929358,8691857,8225808,7260636,9132491,9801460,10647821,9862040,8669907,9041080,8589792,9904602,11101956,8918581,10108337,9473423,7066436,8256217,9680077,9895476,10456737,10377637,9732104,8453178,9068527,10593434,9717471,8865761,8373660,8308092,8493304,8543186,10218485,10692760,9640422,9368592
wired.com,78773349,79921548,85182556,93852140,89891831,79440268,87829676,80193262,82664807,93692951,86450657,93018051,91603656,83121637,80237018,83900771,87855720,89422308,92313573,75996274,81358562,85260171,82419819,93199905,87142488,84637338,86156958,90975658,82626132,88964126,83895219,92355627,88606175,86559299,85865000,86668708,88556829,95064311,91949189,93404145,87502510,86491185,86600900,78463141,88369118,82714849,90052781,85081209,91150697,85432767,84810403,92006156,97414179,89546506,91471331,86624766,88012562,90513342,96745388,88480059
cnet.com,21659137,21930189,22591111,23327553,19061880,19194230,21391113,22855734,23475687,21181326,21983855,22798442,19897035,20160740,20914860,21482029,22906388,20400311,20853470,19399867,21605259,19435640,22897138,21098097,22421639,19998664,21381293,20933037,20164386,21661366,23400577,21620211,19806268,20297598,19447366,21611805,21166368,25389054,22857066,20590586,20160186,17752585,23250622,21864193,21832758,22771109,19176978,19209499,19637791,20665991,21858450,23001665,20422666,20148898,19750228,19927501,19850249,22267654,22085343,23020342
gizmodo.com,9662030,11442748,10149798,11364615,9634879,12741331,8752779,8238423,11427496,10384656,11017047,10710629,9649091,10727824,9284916,10082925,10493599,9904397,9885085,7615605,9475580,8795046,10287900,9536127,9686931,8507480,7777795,8456460,8481435,10191436,12468077,9106893,10056947,8035857,9101408,8702660,10764917,11066284,10377783,8898918,10319937,8793120,9367681,10734938,10239156,10287566,8476703,7605456,8674080,7093452,9643281,9804703,10279012,8452916,8485704,7874514,8543781,7983317,9565260,8969301
pcmag.com,4185157,3118157,6769132,3229419,4346479,3964318,4080233,3996572,3391971,3286196,3232996,3591412,3673637,3819089,3276039,3202188,3418482,3273627,3623731,3874201,3994959,3723368,3256346,2901063,3667250,5267422,3623624,4243509,3253253,3230533,3240144,2606496,3047085,4058060,3816657,3818577,3407339,2490543,2868731,2623254,3829373,4609967,2954408,3686483,3563315,3286850,2916795,3280434,2912866,3456842,3370905,3456643,3136177,3091719,3332004,3574477,3597650,3777747,3881660,3194783
tomsguide.com,6987323,7623690,7796016,7111183,6246349,7010784,6738676,7856486,7983731,8332455,7510789,7359842,6309907,7084462,7802434,8406778,7645326,7803452,7688472,5879739,6638042,7585024,7562573,7462992,7728272,6759233,6754247,6019231,7040607,7874633,7770172,7484505,7187420,7304970,6720195,7285858,7774210,7578549,7100431,7474454,6118658,7172024,7194779,7562687,8011282,7776207,6486164,6722977,6631044,6921468,6643585,8296970,8002789,6425845,6692355,6224249,7132161,7419338,8568520,6813074
engadget.com,466522,539023,529743,492555,535892,565706,434986,557316,370887,485800,592827,581350,516398,547323,445407,510818,495678,620149,591393,460764,418777,495976,458742,570915,604780,525967,481292,472086,449471,424858,540109,559114,543203,550787,445789,371118,534054,420355,489305,619517,551000,449244,534515,439005,509651,569815,608861,571408,542135,418157,455623,500432,504774,563249,553958,481757,509401,467227,466909,543813
washingtonpost.com,111249,134831,143209,111428,127833,110643,102060,100498,107860,118045,145462,136500,125987,67577,133739,125700,142213,123496,122642,134387,125131,94893,105788,134337,129504,103166,109283,94689,121066,159483,109872,133323,125791,106257,99561,104152,92956,90511,109768,107192,122476,86262,100494,137240,138940,132932,136849,155673,103434,120014,115519,121151,108121,146718,111696,131790,115510,102010,124199,134926
forbes.com,836170,742529,1262863,1072325,720264,779950,1041342,645632,1206831,1022844,992574,825589,884890,1146592,919329,850663,883611,1082554,895009,852989,752028,1124880,979724,839203,642748,658629,880297,700090,582705,827030,943351,1011981,452912,808403,980917,766259,868922,998587,762716,708090,798435,867344,993817,962680,967692,958631,714814,486657,697751,826936,831532,788331,1087049,721903,759510,930731,973119,846076,827955,909424
bloomberg.com,423467,537772,515655,527982,474538,414345,478050,446654,531717,561096,599264,500440,470100,383959,462172,531461,529604,551508,438630,444469,398570,410385,514460,571147,599641,501445,416144,436455,467921,506561,585772,573769,574863,425531,395315,495270,560464,626365,573014,423666,416775,455399,523283,514064,571035,572752,468561,413242,445982,503604,580737,597186,521736,480188,392528,402942,492248,552000,655201,565767
reuters.com,848597054,922015306,908204838,932167914,841500068,819022019,859007807,887356753,873689195,875538429,895459606,965228994,854563936,902400427,885972118,942880855,1022681521,927898601,928059053,964706893,864609680,787343998,843932662,932193180,886547423,1023425353,959457592,826655959,819871743,885024257,897483298,936730648,965452751,894493584,931960503,896913374,925283885,866407198,879121190,935705348,983380657,923756903,892664456,936338495,869530526,879910520,995110638,878574933,835781157,887796845,871474884,914264183,959788770,946528471,834690940,851618173,894050160,853225692,906571481,933010927
businessinsider.com,6075370,5892173,5604141,4787711,5207229,4929215,5143378,5172643,6554419,5756031,5543854,5126276,4377580,5640468,5716427,5968011,5015477,5904014,5015472,4854925,5019455,5778283,6308628,5796376,5554236,4474633,4132603,4959676,5625013,5560173,5777475,5211007,4109247,5221876,5175854,5258327,5329192,6771818,5091672,3980118,4248948,5285590,5414702,5856876,5743860,5266884,4862223,4779538,5926527,5556935,6419577,5829987,5671648,5098250,5326155,6304553,5653516,6110628,6538068,5338980
moneycontrol.com,442339,675048,723846,511083,512007,565169,414514,452730,487711,674546,599920,637758,464856,506612,458119,542433,562350,585447,554643,510586,502434,413979,449402,659108,718338,613684,569948,430674,503546,550060,591444,543851,457472,562770,495662,424735,541977,550760,645981,581511,577649,453810,455645,520294,740327,628434,553490,536182,429004,478424,574784,418150,506100,469953,459329,418906,480999,551081,655342,562309
tradingview.com,22390400,22824775,24562320,22160647,24811695,23839891,23549821,22807593,22326479,23022098,24026200,25691080,24306491,24594036,21395094,23525005,21640616,24317389,24756758,23482868,21565340,22634651,21660116,23543869,25625432,25195974,24937993,22364550,22980561,22987944,23051403,23595219,24476840,24043548,23041900,21489708,21132718,22222862,23680695,25466198,22887132,20632132,19928328,21495309,22522141,24665684,26535677,23490818,23355387,20694666,22204460,22403337,22291339,24361309,24018173,22591612,20860378,22434098,23093800,23959065
investing.com,3455449,3208667,3576380,4164498,3778725,3592526,3759651,3287168,3069376,3524532,3848692,4185130,3887457,3650951,3617901,3333077,3564671,3836408,3998649,3913390,3797976,3470607,2999038,4008750,3850570,4005552,3921740,4040826,3460566,3385202,3506942,4027945,4629779,4166214,3529957,3273289,3487448,3858846,3767282,4249542,4156779,3915520,3112208,3872666,3589652,3941249,4082492,4150768,3472133,3762115,3305903,3725867,3818908,4100825,3619375,3686570,3392963,3051526,3682698,4188217
coinmarketcap.com,372799,508370,473352,481918,491733,403050,411112,470360,431296,556193,422825,308758,436266,413152,465671,450920,467163,408142,463777,433567,311222,462897,486345,505537,292022,421744,400764,500884,405218,517265,557818,357524,457933,277815,290468,477772,422731,382724,517985,374387,399411,458134,495181,450573,394765,397740,384342,445425,399174,457922,457684,463884,332971,310601,399314,441427,561679,407613,392937,448196
accuweather.com,95799776,91329892,84707442,91008409,93765943,94140047,98840234,96846856,86805543,84439621,94825915,100871160,98380529,97300905,97522448,88512165,91683384,92304313,95642251,101188986,101195768,92149103,91957180,92039706,86329587,97614573,101847887,100343201,98637584,93485909,91433646,93528651,100879597,98987845,96351177,91093508,94951737,93772147,97693422,100401615,101795070,102452679,93277614,91157651,88279085,99530644,100615649,97795339,96961975,96152220,90471835,93754901,93518551,93735747,99134492,106821674,100081475,97653910,90905373,90148624
weather.com,498240,612225,598698,577429,693819,500307,548781,478647,587764,674059,633554,683105,631994,384084,633147,702110,633889,685182,584363,553402,506242,506571,659069,715648,721601,586231,536331,610591,601663,712338,619787,553329,585384,539379,525147,655944,608646,565742,670870,550793,553506,525239,546833,553788,582687,596437,549484,556538,531250,612856,538624,565201,640001,653265,469952,547428,450264,583128,671429,613221
indeed.com,2739280,2418364,2427288,2365894,2162479,2404703,2367551,2772443,2750112,2511802,2083561,2026199,2282137,2435579,2423788,2325017,2195009,2093731,2072639,2311199,2524644,2680769,2491752,2131529,1833275,2093009,2291073,2395645,2484086,2657115,2198938,2049332,1802652,2438585,2635393,2655450,2385693,1811853,2165552,1863864,2408039,2384027,2550492,2571847,2080886,2089836,2035413,2019583,2265954,2645431,2630957,2316020,1916721,1954110,2098315,2473318,2409588,2493499,2354525,2101558
glassdoor.com,5027569,5159976,5288579,4618796,5507287,5406352,4889691,4284940,4488760,5174877,5255505,5257196,5051852,5233506,4557404,4896873,4800471,4871712,5617643,5566107,4877539,4562914,4859635,5216609,5282767,5087990,5635742,4954171,4698609,4405270,4717830,5192094,5375933,5151193,4639090,4526707,4213750,4183087,4775925,5954275,5179920,4279252,4479768,4056441,5170206,5430207,5197674,4982280,5269225,4771858,3885536,4733611,4978316,5720730,5685998,4987048,4904883,4553903,4463803,5658587
coursera.org,91074412,78733946,83959626,69791941,76875536,82421158,82432743,84457732,81720583,80256947,76619374,74065918,79889471,85262993,70365423,71332579,78833186,67127055,75287082,78386263,78059373,79148895,81625224,64301552,68313455,68006089,84499083,74658025,82231488,77493898,74879537,69839001,69482529,74469935,76781497,78103724,79358550,82139985,70542852,66578893,67486097,69582963,82595417,78130391,75031863,69910176,78254089,71584347,78591395,79300811,75858390,70964746,67490492,62061532,68446001,78826804,71955826,77840429,69902350,64435942
udemy.com,705371,547840,556197,793408,818078,934198,574090,650338,595132,501389,583397,753783,594164,808139,585668,525539,491852,624485,748731,578838,687689,569427,617823,658141,604992,651545,633503,799009,641565,404395,608739,630778,694544,741008,768615,636325,611929,584007,592198,763852,832824,853032,584694,638583,485074,599433,601178,719471,565515,746844,649484,602177,616071,832111,803301,500984,709156,759596,619228,680948
khanacademy.org,2435714,2072928,1954151,1878688,1930297,2029126,2585209,2248896,2336960,2172032,1972659,2134576,2197775,2477552,2442213,2224798,2061861,2047685,2129197,2162450,2281225,2500419,2015931,1944113,1934698,2047916,2245889,2310529,2539375,2181824,2146478,1842317,2171905,2175604,2365203,2396414,2164646,2096312,1907190,2133891,2166664,2475188,2416968,2276781,2104997,1891663,2003035,1995702,2327004,2345524,2159964,1997430,2150173,1856015,2057834,2387215,2116018,2237014,1954859,1935590
udacity.com,653207677,673246354,636679894,634986927,650817012,650611140,663892394,674508291,669681508,647621174,609110908,624083970,645632565,646190256,668545346,641315034,601971048,1536018468,616529972,659963495,639932313,679115345,664323982,655314340,616238334,630302034,624746755,667214206,673240839,655204504,656920685,624783226,632255927,661571622,680137861,687079142,659876676,646203735,815068129,634960282,648180556,654119919,668935919,660568942,636459684,634931936,598070166,631794344,658139011,690850803,649922197,649779796,626241937,614578577,670612906,673228362,666385294,681282969,643519017,608264662
canva.com,5548554,5754482,5472862,5152020,4735558,5215971,6624812,5594401,6124016,5773425,4597149,5898357,5315371,5482449,6173854,5325219,4666653,4836980,5373726,6109897,5242214,5839601,6331662,4780396,5137606,5350728,5381696,6306948,5786079,5556442,6072273,5517807,5551001,5799920,5591659,6402479,5403233,5423637,4470056,5890039,6493758,6531924,5387283,5897389,5449295,5136397,5850801,6162586,6180765,6102905,5594891,6192705,5047001,5805456,5259184,5942837,6006751,5730384,5764535,5082496
airbnb.com,566454333,547656249,540026566,521209871,565816134,509718634,545530231,533692575,561684041,524843655,530017926,507327217,540794484,550664308,547635039,598228392,537843107,492285855,561790238,535268902,532248308,542635095,561290029,548818455,529150226,511364532,547378395,553343234,555287405,544915031,524695924,521582546,512679792,544730355,550641075,582341356,521609531,547370584,501969088,509663761,529974040,570446999,533550145,556554318,540993282,535005987,506881322,543317032,542871205,553914809,530136903,490284211,515972546,528112781,542694592,546418211,537901349,522582992,533898193,525570964
booking.com,748990,998740,1030700,1013655,938056,1208650,947819,1125855,1040114,993750,1014902,1068298,1077408,989641,892035,1066255,1172357,1033692,1067449,1103996,934669,708803,964732,1110275,895961,815067,1089240,863799,787077,820279,1030417,1184103,904514,1049208,1008993,966638,1021627,993795,885826,1083054,1143091,950192,855089,1043342,940067,1017173,1150975,1093827,1241695,905006,1081852,905703,1280357,1221743,1117742,836478,1010226,883741,1084501,1068911
tripadvisor.com,738196,838135,782441,827851,716014,798736,762911,761916,771272,655109,756955,591924,770920,932161,771633,861477,729846,662956,728291,757483,796448,777496,691227,837165,677293,725434,878629,835284,683556,652217,863347,507511,588631,751561,772203,643803,752138,859436,570668,513695,634347,752648,729633,825766,783568,758282,723905,666148,693155,765722,823379,606997,665791,727223,779981,789532,665781,712111,670136,474669
zomato.com,547302,705992,703413,735387,704524,749123,680035,789042,638291,886340,799128,787260,666767,719021,787847,649952,856307,743028,742731,749102,682426,672378,716227,924785,807441,693260,633966,661985,825658,914707,841035,700159,705121,635704,613410,494059,759396,719262,937228,807397,782399,543774,639174,621079,639452,837553,779759,606278,783089,724561,664691,808178,804364,726826,668618,735788,701138,597487,823402,694095
swiggy.com,89566218,84374323,82219532,79724211,81533056,84512153,94071904,91006183,84730387,79921980,75217191,88412781,83010443,94140683,83100025,76691336,72005409,72050512,88178523,85021036,92326786,92686781,76553752,79680197,74721735,82571517,86384175,88280671,89283529,81138230,71956540,74000212,89683232,83947964,96531309,83860994,80855023,77929858,76988426,86617246,88954564,87577473,83757775,79354121,83002071,78783026,82100126,85162140,90637524,84628600,72202950,78871205,81556191,86328854,96598079,92260460,85438683,82513580,79987276,78231763
flipkart.com,660567203,625005152,692994817,672589759,590908247,647617546,632371751,724375725,752759954,662987590,598023536,664875793,678112856,665306878,667346682,715256834,635480271,681845865,603488960,617386542,682820458,707405747,676386728,652351245,652816758,599135254,662891603,622078512,636973054,709984157,685113320,630741184,611478570,619245231,616083086,675704135,677388347,623524219,638028513,674799009,598150456,627291353,658896074,681715512,633065241,627787552,625142831,648343790,663196668,680608061,694343031,647367968,593451420,588025638,641345979,663625390,643448515,740579608,730983218,628059518
aliexpress.com,8009496,7896339,7897609,9113736,9450703,9644524,9014883,8487171,6627411,7787769,8617456,8353852,8928450,8161930,8489709,8013457,7008782,8180474,8636758,9676199,8590035,7831465,7829811,8751477,7947188,8790472,9284430,9314887,8335996,7341072,7463366,8072647,8598464,9891327,8875006,8491722,7356334,7729171,8829599,9800061,9880259,8630854,7577409,7635387,7915309,9131931,9077696,9806429,9186574,7695822,7952194,7627548,8743524,8484915,9820192,9002400,8028087,8386602,8073642,8717745
alibaba.com,1113389,1043800,1037994,1110013,955561,1028177,1086489,1095251,1191071,936445,1232128,1093712,1142555,1056769,1121520,1057881,1207306,1078230,1137325,1177377,1117238,1347296,1223518,1181097,1179042,1133527,1158425,1042892,1182146,1086406,1206278,1231822,1212320,1057162,1236084,1127449,1062469,1208034,1243918,1050818,956967,1113760,1143700,1110049,1340306,1257331,1234695,969482,1088395,1108300,1157871,1312098,1116278,1065917,1218016,1311882,1300764,1107079,995024,1099281
abc.net.au,813356,942405,808294,731721,1141755,1278070,1042577,848469,936307,944996,963102,830482,1038102,976792,995529,968160,809858,880213,883988,971549,1060389,1075136,781868,752424,790445,901516,1184360,1034411,1015927,653435,771492,1032355,910145,996645,1044455,936199,851566,792202,894738,1018193,1004837,1012752,809249,840268,718367,938129,1064799,891658,1131125,997231,831015,593849,709652,1088487,1039200,1078321,666081,863989,728812,811891
indiatimes.com,4760640,3950931,4163372,4050318,4196513,4337578,4089136,4579842,4315918,4072036,4778363,4721410,4161558,4586967,4903182,4159326,4119209,3973694,4112125,4915127,4641650,4714241,4305247,3901187,3672809,4184496,4777185,4754742,3665792,5092731,3827876,4140028,4457206,5312204,4159766,4048754,3780672,4245981,4457523,4448059,5407020,4405460,4543559,3414596,3025435,4448362,4623657,3994077,4544735,4738208,4120000,3770779,4176507,5329199,4934122,4376718,4885731,4404247,4204611,4380200
timesofindia.com,28752905,28890420,28195576,27840592,27277946,28164513,25000026,30952963,28783371,27732954,28968417,26714813,29474039,27787970,29929739,28848176,27921900,28759443,29359194,28864325,28629250,29830336,30566594,30253223,29570458,23844150,25894827,28952342,29752407,25768375,28271977,25264913,25072381,27198800,26754771,27878623,28414731,29193267,29296894,25715599,26939874,28373797,28299986,30425267,28975900,30019911,25636588,31381397,27028504,31174745,31196512,31761921,29480200,26344980,22640470,26916692,30764741,29840042,27470247,26326615
hindustantimes.com,46059035,45476027,48350630,40422921,41632885,38098241,41815554,46499156,47589840,45392912,43157763,37943846,37813008,43459076,48433804,48238010,46174837,44687750,40834242,41935241,43191766,45567861,44085579,46357791,43573935,41892527,40150540,43053025,44473173,49472735,44833058,41963247,40638286,37477513,40967339,42561157,49599554,46393905,42000805,38864012,43899513,39676799,45335880,49015738,44598244,41202646,38262232,41748292,41218379,43649270,43726153,44527520,44253610,41566637,40211297,41429957,44042920,44154487,46262380,43059111
thehindu.com,57518540,69526994,78912251,81484041,78633606,76619992,82909247,77307288,71898040,74575514,84837793,87759533,79961711,65675333,69471585,72226006,70205626,82472320,85691644,81042823,79964999,60940450,72609520,73654554,86595642,87949739,69489173,69608998,62987429,70367409,76155474,89106911,84633202,83712805,77377213,62346609,71103654,82045963,89445656,86025316,66911758,74132105,68146523,74884210,71948475,81480973,79454921,84743098,75003010,66885231,66746553,73467434,90876663,80016738,89098956,72237900,61297812,77133824,63526683,81270007
news18.com,1029458,681340,994570,1023527,1243440,1273997,856940,610961,819778,1105809,738359,992870,704349,823609,898740,807710,736198,1199311,962792,712378,1236351,1009428,863490,717309,797893,1049007,1037421,703512,684210,891320,671332,1139721,968984,1194155,840591,948767,854143,1137531,863771,1358486,1242825,826004,751229,873267,991764,813994,838109,741933,1173194,840358,538419,827967,1096759,1095362,1314821,964654,797175,863513,1113261,1072328
ndtv.com,2203646,2289592,2063002,2030780,2213990,2003254,2132310,2026325,2077887,2182662,1963099,1967735,2174703,1925766,2401858,2380814,2387753,2226699,1943203,1818363,1837123,2162837,2632618,2314741,2427035,2039780,1906769,2173124,2040589,2163305,2247954,1977844,2109168,1982136,1806605,2132835,2336960,2089366,2565826,1843082,1853761,2134088,2134832,2043875,2352463,1960423,2194139,2217415,2144297,2156609,2096619,2064640,2292622,2195434,1902454,2064830,2478321,2140533,2301599,2226547
economictimes.indiatimes.com,745837,547957,545701,688047,900144,798605,957901,575532,619161,600508,592467,788661,657713,707429,718509,521804,635989,700485,674566,760414,814450,738168,693679,657595,675499,651921,647306,830367,637180,669535,637798,577906,625886,815622,964210,643693,698492,692417,679365,551018,774922,804849,840847,631869,682283,590815,735020,925065,882600,751971,767790,707001,551998,911345,825344,901665,724421,630738,643845,686864
livemint.com,312425744,306481377,303621104,311240628,304348538,342440280,331560616,331371488,297069037,310308926,319416202,333133205,306373680,315687995,315286427,314779264,295706241,323719658,308660556,305570636,327934006,315617924,313073975,307371320,326868149,327432585,326222757,313737727,316962220,308987186,294395048,321888794,307488631,314201711,321357535,311131894,311078951,296762409,311329876,320353549,333957116,333262052,322156284,320158210,310234366,330764296,317056506,325595702,331947760,317969033,331398983,320962163,325193270,331616077,340370537,326024757,332511202,308282739,306098457,323331369
theguardian.com,1879148235,1893693356,1803443330,1761024005,1675752374,1665324101,1838308679,1938812459,1907640089,1849658455,1690685381,1700013349,1751843301,1816477948,1838374269,1891166657,1868504566,1702519816,1771226775,1718560803,1831213233,1845552915,1796073118,1847449361,1745115953,1564763810,1714342154,1797203230,1920682674,1910637502,1768805359,1757748419,1678054498,1725558693,1830266402,1917348884,1808141678,1768855673,1660032069,1699730820,1810776293,1764196674,1846111987,1906956612,1850880455,1734886174,1687864786,1657626506,1793638750,1874581486,1946126837,1796531111,1706773983,1663939999,1670895855,1887399494,1841505803,1834949427,1812454238,1672477893
sbs.com.au,586136,747547,820111,921731,837543,925934,780236,913581,862673,810711,1010244,920457,826326,765379,676356,870218,694664,824259,689905,788529,894066,440916,722931,662852,1007626,862089,902080,819861,596826,763552,640256,1138221,932345,864862,987979,634977,774645,705965,947221,892306,692183,622037,1247580,702871,671048,877411,904217,961016,823577,773135,766450,833389,742463,752144,694826,715683,810782,612163,734065,666830
smh.com.au,98213480,97011647,100485743,99683665,96944066,78113772,91536225,93967017,90656199,102172216,95015719,95311956,89452454,80826076,99025782,104811522,86870352,95329781,93440524,79864990,91786069,86029982,100510338,100430600,86544728,83452964,85275514,85092278,84754693,98302327,95768368,95528170,87398910,84074872,90724935,78180064,101916474,84427249,92648057,85181931,77974526,84918620,95320835,74067364,101526393,92389067,81766604,84036151,88922498,95525148,100834948,103702509,92451624,76606099,93900076,75306794,97971540,95431555,103084195,85855171
sciencedirect.com,43095683,44453339,44017771,38003684,39693630,42291534,45995816,42924076,40812381,41172877,43726352,40222149,48111692,47384381,46508692,44118136,39676626,40652075,40346835,44649403,47227802,45738548,93786974,42724588,40951734,41265056,45247692,45581926,43973880,42890285,39915103,37669968,42536474,42393552,44580069,47426381,41471969,40529080,40433536,42656427,43527912,44787116,46862380,40183042,40530116,39920702,39926151,41387836,43971104,46797455,43028260,42817132,39139214,39689052,41988988,44741066,42125823,40948396,39986851,40304463
researchgate.net,652163,551612,581656,416708,432715,390992,534059,560071,468817,656078,424292,654730,627807,520708,512782,621785,593717,386000,407398,628664,527066,526030,670885,594248,446121,490061,511585,630406,570594,653237,599078,486106,572574,582627,624346,583920,514737,506322,491580,544910,529052,559916,540407,496012,528857,644161,557689,453259,500639,525078,625006,525972,567883,504300,481672,657315,457315,537819,531632,584775
springer.com,21736825,21095633,22850737,19695690,19835651,20753585,19825182,20064666,21860755,21312678,20756787,21188348,19763923,20155662,20641005,19760334,20268105,21126037,19538248,23623538,19631212,20845226,22404841,21000106,21182055,20318663,21334836,19122323,21326323,21125299,22371161,20782191,20682407,18048403,19930851,20022934,22662972,21281397,21961294,20182874,21076054,21007194,21501748,22286410,21708566,20179033,20188800,21117881,21111176,22070548,21484187,22088967,23137214,21313465,19695180,20778347,21383859,22320407,19910767,21782651
nature.com,36512720,33680523,36120738,31664759,29669138,31364614,33598882,34428768,33669531,34836890,30719042,31860650,29973562,29858780,35173242,34370878,31109730,35115638,33272816,32175331,33064027,32612462,32349665,33798200,31018294,32450213,33020833,33427125,33967378,31075424,34642959,33140278,29099411,31613925,30414677,31628871,32317469,34177309,31219139,30415797,34856706,34082512,37294834,32625695,33858083,30268355,31289423,32547963,33954785,31913091,37074362,34666082,34749781,31653203,32972370,32359618,34019181,35474292,35879368,33160866
cell.com,8736161,9862579,9697685,8907527,7425437,7929230,8304064,9443562,9933477,9714027,8331506,8268412,8513664,9359544,9414561,9523524,10504324,9670760,7451413,8662084,8920048,8852515,9901308,10187940,9283947,8894177,8567826,8358875,9386637,9486423,9379135,8750420,8233696,8272689,8817089,9343314,9758438,8868180,9015292,8472063,7591031,8681979,9487723,9545484,11053170,7937591,7609613,8146340,8705698,9204502,10999224,10405631,9172663,8023167,7722071,8872543,9805439,9860337,9778825,8617526
pubmed.gov,68575534,71519039,65025846,60432881,61721113,62794273,68473208,70567418,66919538,65912412,59319669,62224612,65206416,68488096,68874134,66921193,64897147,60360331,57491779,63310522,67658158,68822759,65407027,65486273,57201176,59782407,62388512,71336490,68410250,65560668,64929180,62410247,60499207,63551462,64570761,68768986,66234661,62513919,61120671,59646774,64279006,64357496,65949350,63947035,65833903,56608824,59654155,60042963,67165930,70089224,61651086,61978050,57852308,58024161,65774770,64336357,71701009,63730333,59966011,54176945
nih.gov,22423974,23939430,22669140,20544305,20240841,19844564,21670943,22177921,22965025,21385494,22802591,19180185,19472540,21565710,21583751,22340598,21737349,21397539,19862242,19339407,20727888,22761561,23669172,23387939,22553037,21813082,21304631,20714479,21792153,25470375,21918073,22410975,19780235,19722400,20859243,20676637,21414740,22947980,22432873,21916598,19468036,20984589,21982538,23843972,23140111,21621238,20171981,20117377,23062534,20288608,23275067,24645011,22951485,20882613,20758261,21267647,24898770,24362577,23914852,19726788
who.int,409641,447654,395094,449614,387431,387777,345297,356405,425428,387234,420647,379065,355002,377624,410459,394759,414956,464091,346096,283620,350633,369577,395272,409058,414220,340895,308599,345164,379875,422789,401352,395675,324251,355085,401316,384007,406871,506848,387176,404892,320123,453346,401472,435940,431624,416872,368941,341395,346320,372597,368365,503350,416972,419582,358958,351913,389687,384975,404622,374714
nasa.gov,1119947,880426,820972,911041,753910,1093808,808101,831772,1199903,1210365,865299,953454,761646,820670,1060597,870141,1025698,856111,815546,1056258,922764,988093,892370,1373904,757231,887306,1042340,871910,893142,987358,1055579,1072773,798837,950100,799085,976638,963155,1004498,1035971,1115822,752665,762358,846195,1016077,700998,757291,848583,1161952,876290,1424333,871742,1131777,804571,1011093,845833,1142687,1033984,1024885,1107460,999038
ieee.org,8048142,8432666,8598497,9106882,8920723,10478668,9846194,8310298,9842226,8331715,9790117,10482873,9367845,9478357,9801952,8322979,8752735,10324830,9964224,8880964,8320650,10063135,8462781,9410044,10031989,10402965,10375616,7932889,8931153,8427435,9393336,9492900,9242695,10162253,10294632,7304092,9831024,10048056,9379119,10295646,10486592,9359976,8915555,7357140,8316402,9768596,11047928,9735950,8546945,7780547,9134355,8612566,7927976,8728976,9698618,9516637,8068961,8993870,8508513,9005988
arxiv.org,46986474,48240223,47100725,47217950,46611079,40471068,43924927,54232940,50189417,46288289,43982902,42641695,41347672,49166916,47689933,41693575,50371764,41293348,41823536,42503946,43941758,42376297,53374877,46357332,43277853,44329739,39503981,47346297,46229809,51190270,40590320,38732267,42771395,42067788,43090315,44068127,45222449,48307417,41135440,41658233,41510184,45917282,41744670,50296548,41724338,44563204,38768901,46774952,42518969,46975365,47997673,43858912,44848816,43530428,44640890,41854064,42300723,42315661,40511249,43457922
nptel.ac.in,157817,165217,243967,285364,196801,173366,141750,153349,169445,153284,170704,175421,126248,165504,138544,162630,207197,194136,155677,133029,142333,138550,213298,173092,159152,159863,119876,112937,173102,176718,327456,198929,153943,115096,132640,161529,154414,194139,170340,148978,135954,156769,125097,152045,186335,132729,180732,177529,141608,117559,162211,165402,171405,157680,152317,149153,131341,189857,178724,176092
mit.edu,6153974,6300516,7963574,7405594,6095981,6524602,7195797,6009561,6793477,5525428,7984205,7941039,7496584,8459363,6976734,8011801,5709829,7852452,7613629,7865881,7581972,6817032,7267791,6794670,6190435,7573069,6952326,7256912,7095230,7156102,7401738,6583207,6486720,8399888,8104237,6793692,5975431,6458208,6742641,7934422,9699627,7400337,7687455,7650530,6415043,6466231,6258150,7372036,7694987,8078688,5526649,7516065,7772377,7067322,8413805,6512210,7229893,6762930,6418380,6591313
stanford.edu,9699072,9044552,8767069,9061164,9126536,10693510,10214068,9467853,8695812,8728108,8061334,8599712,10168182,10866692,9510329,7622140,8244295,8853040,9607125,9502220,9571252,10162842,9190109,8525137,8899246,8592173,10710666,9456710,9085778,9233389,9556930,8401732,8883052,9929192,10066327,8945492,9725537,8396292,8965057,10029390,10133822,9869459,9789579,8929765,8440755,8635180,8468081,9173647,9451984,9573209,8820367,7473011,8276098,9632735,10091203,10122634,9522331,9433387,8873216,7706320
harvard.edu,655102,696608,599034,674646,497195,560329,541902,683104,682284,555618,563980,448648,499126,648931,667721,755056,611798,586928,473190,527987,566144,642072,655167,586118,594771,512650,597244,479128,681709,720840,644863,601868,554802,539678,625937,727277,631949,609301,587595,465481,524127,604852,690422,639569,645749,551940,477666,541376,578517,713235,722462,630986,531865,491693,458312,606568,664231,656288,631380,557253
